city,total,main_regular,main_irregular,other_regular,other_irregular
brasilia,1287544.20890047,940764.85104163,346779.35785884,942014.66480997,345529.54409052
