city,total,has_children,children_born,children_borned_live,children_borned_dead
brasilia,1150203.43137485,669016.97047408,1788735.14469479,1725665.33518437,63069.80951053
