city,total,married,separated,divorced,widow,single
brasilia,2180902.56584569,731832.36516646,37061.18248927,90779.37164502,71188.9645801,1250040.68196484
