city,total,suitable,semi_suitable,inappropriate
brasilia,774037.01122318,569934.59943791,201929.77506573,2172.63671954
