city,total,adequada,semi_adequada,inadequada
brasilia,774037.01122318,569934.59943791,201929.77506573,2172.63671954
